owner,ticker,basis
TRANSCANADA PIPELINE USA LTD,TRP,US subsidiary named for TransCanada (now TC Energy Corp; NYSE TRP)
Enbridge (US) Inc,ENB,US subsidiary named for Enbridge Inc (NYSE ENB)
WESTROCK CO,SW,WestRock merged into Smurfit Westrock plc (NYSE SW) in 2024
GENERAL ELECTRIC CO,GE,the issuer itself (NYSE GE)
WESTLAKE CHEMICAL CORP,WLK,former name of Westlake Corp (NYSE WLK)
ALLEGHENY TECHNOLOGIES INC,ATI,former name of ATI Inc (NYSE ATI)
PNM RESOURCES INC,TXNM,former name of TXNM Energy (NYSE TXNM)
CRH AMERICAS INC,CRH,US subsidiary named for CRH plc (NYSE CRH)
CEMEX INC,CX,US subsidiary named for Cemex SAB (NYSE ADR CX)
BUNGE NORTH AMERICA INC,BG,US subsidiary named for Bunge Global SA (NYSE BG)
